{"SequenceOfLayers":[{"Cells":[{"Forget":{"Values":[-0.16895698790879066,0.090448117130197778,0.12607066184943652,0.098996243813305212,-0.11675106949200297,0.072371550543741281]},"Input":{"Values":[0.048342575853516617,0.0041521033322312077,0.0414509704974427,-0.011999764402517149,-0.011610460607125454,0.022861251333959096]},"InputConcatenated":{"Values":[0.048342575853516617,0.0041521033322312077,0.0414509704974427,-0.011999764402517149,-0.011610460607125454,0.022861251333959096,0.0,0.0,0.0,0.0,0.0,0.0]},"Output":{"Values":[-0.080317027620246118,0.047347301453587273,0.058601333946084834,0.045362287003055793,-0.067335843931936284,0.0320131441470794]},"OutputFromPreviousLayer":{"Values":[0.0,0.0,0.0,0.0,0.0,0.0]},"ForgetFromPreviousLayer":{"Values":[0.0,0.0,0.0,0.0,0.0,0.0]},"ForgetGateResultF":{"Values":[0.51022062334513063,0.5049043120141925,0.50921518444584379,0.516244268061285,0.51012475658287582,0.50947758284368894]},"InputLayerGateResultI":{"Values":[0.555299075693977,0.72688228487253281,0.52273386983939807,0.5131811023520787,0.72549491894549967,0.504674015712927]},"TanhLayerGateResultG":{"Values":[-0.30426304545463023,0.12443296392353116,0.24117561367923185,0.19290703293549333,-0.16092610222784137,0.14340256936253337]},"OutputLayerGateResultO":{"Values":[0.53225329761179341,0.582922736451811,0.51869144147458035,0.510482390565861,0.643186866764757,0.492188542107259]},"Sigmoid":{"ActivationCoefficient":0.9},"Tanh":{"ActivationCoefficient":0.9}},{"Forget":{"Values":[0.051103784258441989]},"Input":{"Values":[-0.080317027620246118,0.047347301453587273,0.058601333946084834,0.045362287003055793,-0.067335843931936284,0.0320131441470794]},"InputConcatenated":{"Values":[-0.080317027620246118,0.047347301453587273,0.058601333946084834,0.045362287003055793,-0.067335843931936284,0.0320131441470794,0.0]},"Output":{"Values":[0.022720989713586114]},"OutputFromPreviousLayer":{"Values":[0.0]},"ForgetFromPreviousLayer":{"Values":[0.0]},"ForgetGateResultF":{"Values":[0.52541182334656089]},"InputLayerGateResultI":{"Values":[0.646527798698417]},"TanhLayerGateResultG":{"Values":[0.079043444630414336]},"OutputLayerGateResultO":{"Values":[0.49435366483737314]},"Sigmoid":{"ActivationCoefficient":0.9},"Tanh":{"ActivationCoefficient":0.9}}],"Input":{"Values":[0.048342575853516617,0.0041521033322312077,0.0414509704974427,-0.011999764402517149,-0.011610460607125454,0.022861251333959096]},"Output":{"Values":[0.022720989713586114]}}],"GatesForLayer":{"Gates":[{"ForgetLayer":{"Vectors":[{"Values":[0.51068944414644013,0.25880551909040916,0.67707587670398683,0.35406246332175212,0.98137431963410893,0.31696044854678235,0.93592007129263133,0.15354049166363687,0.99494622507828578,0.78658223887280665,0.34117790094631628,0.992191126100808]},{"Values":[0.05998737647197553,0.65744828184016435,0.18501973859268228,0.38007777341645105,0.22328747679632505,0.684650637993892,0.668670874866038,0.26404902258145113,0.764203049132695,0.13387208577891443,0.050572034460758808,0.0017889742747829176]},{"Values":[0.42807712332721665,0.0757651748488495,0.15399010905716107,0.11072181868866171,0.59912565331865364,0.95593188235346782,0.67450928253797315,0.92076038891484979,0.14661006775992461,0.041947114766550768,0.84782608265421633,0.21794808992089149]},{"Values":[0.97401809085813262,0.62872803007658939,0.6862149535148474,0.01363553759345577,0.898334243287488,0.20447257729455484,0.24388576310308918,0.79767623301487245,0.42066397537508232,0.19860697686607343,0.43018526045148509,0.9206026941168135]},{"Values":[0.18430482930704245,0.50534133916038149,0.96249776378390273,0.99329057056144376,0.25828211394058637,0.39449420775961791,0.50959583814702736,0.37681735836752567,0.20823348462965036,0.675286902429204,0.92598533999453547,0.90560914478525945]},{"Values":[0.16297033948962128,0.82519825260396962,0.55441483834498317,0.039014342724817963,0.1120729563348335,0.42041751203146649,0.84558105834088337,0.018040261705424759,0.809622199185948,0.96707164867179074,0.40605968255831848,0.5945594467197356]}]},"InputLayer":{"Vectors":[{"Values":[1.0000009076608076,0.64810099269226829,0.32155014088221134,0.59902043210983869,0.91593462409297821,0.17698662733238529,0.5811249988997006,0.22947014646114322,0.6455799143973644,0.23338741494034762,0.9264169893816192,0.093784314158272139]},{"Values":[0.93020160461069434,0.56554752490237958,0.51721883950690484,0.90730080180011929,0.6928250532715482,0.14050287051363114,0.00971460529124113,0.29873118842892871,0.70274269008205392,0.780605808729588,0.85066519810383445,0.073135990683518351]},{"Values":[0.65401524995817184,0.21232922135089702,0.675372993399263,-0.0068327261042444081,0.3367944647420677,0.40187313184439971,0.11098049493086547,0.21723318063525165,0.099281656602063062,0.36793831706416713,0.99485488608239914,0.60324677666800408]},{"Values":[0.015063592136305575,0.92633625542728171,0.46965955447985297,0.97489028276421064,0.12169862125045473,0.67002417573656348,0.260029230387895,0.9295829245492736,0.89878126322235041,0.46063052418671108,0.0455802241552529,0.43085424435830405]},{"Values":[0.719147700656632,0.023793034399772379,0.36269786868896409,0.44979730046531119,1.0412660097851705,-0.17149160134162172,0.89181675663768167,0.21782987574945664,0.80437013916874778,0.29257878861044478,0.90967273288856854,0.685114902297554]},{"Values":[0.56038586115222089,0.56724681569091084,0.87158730362227188,0.23988847129355936,0.13461221404170809,0.70345193700373532,0.994502657556209,0.625495801505398,0.68636382589413036,0.059231498306259282,0.72333643153465188,0.58248591031063623]}]},"TanhLayer":{"Vectors":[{"Values":[0.76636949068301552,-0.12531988704065955,0.016424818423727321,-0.21205103208092452,0.42397544810642457,1.4035754979250024,0.17435472746116795,0.18942721476286054,0.15929119622301832,0.25474903232173485,0.2423072262864128,0.25956072018461335]},{"Values":[0.61166069404323731,0.56229445995864158,0.0765322941802941,0.082284806586698817,-0.158257631620067,2.7256809598319345,0.7988766374992563,0.73620063985521,0.04019263342031866,0.80171613339414638,0.38804515841791648,0.51328336797341856]},{"Values":[0.8212222757386477,-0.006205662509825456,0.82732575995691671,0.36788109895564736,0.62210787023160208,0.094724597712879346,0.74449041846417374,0.69870773875094383,0.37012876680592482,0.90320307477526507,0.35443578630426703,0.90298012127307248]},{"Values":[0.85615042947398445,0.89066832687605657,0.51949456944285477,0.65288672581501173,-0.10337284442460755,1.1266338755414871,0.52582370607453566,0.31254349244411267,0.33857130926967194,0.61688350775133982,0.30697890199114519,0.350039899977874]},{"Values":[-0.13369699534883842,-0.361844464380599,-0.19129834963869152,0.13722749149333843,-0.13072125660380948,2.7616603576948004,0.54229327689031759,0.18246155520084387,0.66633176368956071,0.69128591692600672,0.18615653095122264,0.49398226360510211]},{"Values":[0.055014964515240017,0.99722687743372973,0.46890144735808492,0.56108878851640864,0.3226743742492213,0.83562121890870622,0.88943195337868852,0.023252938884893871,0.41793123372734114,0.35689601598162951,0.0891939532427089,0.59053230033746562]}]},