{"SequenceOfLayers":[{"Cells":[{"Forget":{"Values":[-0.11924772953101277,-0.0069661772185547711,0.13979979749559063,0.078927740263659479,-0.14435295804094991,0.075048638670462]},"Input":{"Values":[0.048342575853516617,0.0041521033322312077,0.0414509704974427,-0.011999764402517149,-0.011610460607125454,0.022861251333959096]},"InputConcatenated":{"Values":[0.048342575853516617,0.0041521033322312077,0.0414509704974427,-0.011999764402517149,-0.011610460607125454,0.022861251333959096,0.0,0.0,0.0,0.0,0.0,0.0]},"Output":{"Values":[-0.0567784290555923,-0.00360648443293239,0.065319815389697777,0.036274512300351731,-0.081223357674545943,0.033411297782713976]},"OutputFromPreviousLayer":{"Values":[0.0,0.0,0.0,0.0,0.0,0.0]},"ForgetFromPreviousLayer":{"Values":[0.0,0.0,0.0,0.0,0.0,0.0]},"ForgetGateResultF":{"Values":[0.51022062334513063,0.5049043120141925,0.50921518444584379,0.516244268061285,0.51012475658287582,0.50947758284368894]},"InputLayerGateResultI":{"Values":[0.5502055906643879,0.68666673311573112,0.52506280262979077,0.51069130929834017,0.69659995733282853,0.5059119094893888]},"TanhLayerGateResultG":{"Values":[-0.21673303862110518,-0.010144917297720157,0.2662534782418402,0.15455078014172896,-0.20722504576895848,0.14834329309663366]},"OutputLayerGateResultO":{"Values":[0.53107237336946889,0.57524482996306814,0.52189025446423221,0.51151576517742825,0.62870453262024573,0.4954134067738562]},"Sigmoid":{"ActivationCoefficient":0.9},"Tanh":{"ActivationCoefficient":0.9}},{"Forget":{"Values":[0.043591601610493365]},"Input":{"Values":[-0.0567784290555923,-0.00360648443293239,0.065319815389697777,0.036274512300351731,-0.081223357674545943,0.033411297782713976]},"InputConcatenated":{"Values":[-0.0567784290555923,-0.00360648443293239,0.065319815389697777,0.036274512300351731,-0.081223357674545943,0.033411297782713976,0.0]},"Output":{"Values":[0.022670867317158106]},"OutputFromPreviousLayer":{"Values":[0.0]},"ForgetFromPreviousLayer":{"Values":[0.0]},"ForgetGateResultF":{"Values":[0.51796718110063833]},"InputLayerGateResultI":{"Values":[0.64011128738764056]},"TanhLayerGateResultG":{"Values":[0.068100035836573258]},"OutputLayerGateResultO":{"Values":[0.57815666919245545]},"Sigmoid":{"ActivationCoefficient":0.9},"Tanh":{"ActivationCoefficient":0.9}}],"Input":{"Values":[0.048342575853516617,0.0041521033322312077,0.0414509704974427,-0.011999764402517149,-0.011610460607125454,0.022861251333959096]},"Output":{"Values":[0.022670867317158106]}}],"GatesForLayer":{"Gates":[{"ForgetLayer":{"Vectors":[{"Values":[0.51068944414644013,0.25880551909040916,0.67707587670398683,0.35406246332175212,0.98137431963410893,0.31696044854678235,0.93592007129263133,0.15354049166363687,0.99494622507828578,0.78658223887280665,0.34117790094631628,0.992191126100808]},{"Values":[0.05998737647197553,0.65744828184016435,0.18501973859268228,0.38007777341645105,0.22328747679632505,0.684650637993892,0.668670874866038,0.26404902258145113,0.764203049132695,0.13387208577891443,0.050572034460758808,0.0017889742747829176]},{"Values":[0.42807712332721665,0.0757651748488495,0.15399010905716107,0.11072181868866171,0.59912565331865364,0.95593188235346782,0.67450928253797315,0.92076038891484979,0.14661006775992461,0.041947114766550768,0.84782608265421633,0.21794808992089149]},{"Values":[0.97401809085813262,0.62872803007658939,0.6862149535148474,0.01363553759345577,0.898334243287488,0.20447257729455484,0.24388576310308918,0.79767623301487245,0.42066397537508232,0.19860697686607343,0.43018526045148509,0.9206026941168135]},{"Values":[0.18430482930704245,0.50534133916038149,0.96249776378390273,0.99329057056144376,0.25828211394058637,0.39449420775961791,0.50959583814702736,0.37681735836752567,0.20823348462965036,0.675286902429204,0.92598533999453547,0.90560914478525945]},{"Values":[0.16297033948962128,0.82519825260396962,0.55441483834498317,0.039014342724817963,0.1120729563348335,0.42041751203146649,0.84558105834088337,0.018040261705424759,0.809622199185948,0.96707164867179074,0.40605968255831848,0.5945594467197356]}]},"InputLayer":{"Vectors":[{"Values":[1.001649343140216,0.650966155051849,0.33233808189687752,0.58727295942766944,0.90988284359015448,0.19978332479130928,0.5811249988997006,0.22947014646114322,0.6455799143973644,0.23338741494034762,0.9264169893816192,0.093784314158272139]},{"Values":[0.95969391266394821,0.60685485392385552,0.57639169225906783,0.89497896896526163,0.67549776181994658,0.18195520289482753,0.00971460529124113,0.29873118842892871,0.70274269008205392,0.780605808729588,0.85066519810383445,0.073135990683518351]},{"Values":[0.6532397954006296,0.21102090430912412,0.676489524052083,-0.0025835251641162967,0.3441087411904406,0.40211394365985514,0.11098049493086547,0.21723318063525165,0.099281656602063062,0.36793831706416713,0.99485488608239914,0.60324677666800408]},{"Values":[0.019143339750283,0.9328919031034919,0.47662934061497814,0.97122708460152052,0.11577352308304567,0.67578906636093883,0.260029230387895,0.9295829245492736,0.89878126322235041,0.46063052418671108,0.0455802241552529,0.43085424435830405]},{"Values":[0.7435785886616989,0.051968585044092831,0.42108536304665312,0.43614117598448437,1.0384463243094582,-0.11351806438622915,0.89181675663768167,0.21782987574945664,0.80437013916874778,0.29257878861044478,0.90967273288856854,0.685114902297554]},{"Values":[0.562862828459618,0.57154979010731743,0.87519463072333281,0.23749793895374621,0.13043106892009856,0.70706991206571856,0.994502657556209,0.625495801505398,0.68636382589413036,0.059231498306259282,0.72333643153465188,0.58248591031063623]}]},"TanhLayer":{"Vectors":[{"Values":[0.8275588350583799,-0.066999626716523958,0.079863393914272329,-0.21639232088994195,0.3705555419497264,1.3860601450718377,0.17435472746116795,0.18942721476286054,0.15929119622301832,0.25474903232173485,0.2423072262864128,0.25956072018461335]},{"Values":[0.59935030346813079,0.50762320288527985,-0.066727482344367248,0.16102799040258212,-0.17206262501009484,2.4464637063166044,0.7988766374992563,0.73620063985521,0.04019263342031866,0.80171613339414638,0.38804515841791648,0.51328336797341856]},{"Values":[0.82368843474062314,0.0033378105684832523,0.84897937674270429,0.34486617180662171,0.61269930971256725,0.14770593403805468,0.74449041846417374,0.69870773875094383,0.37012876680592482,0.90320307477526507,0.35443578630426703,0.90298012127307248]},{"Values":[0.86185335690467046,0.88978844279568459,0.51576815931464881,0.66303298381646747,-0.10303672220256063,1.1008473123882203,0.52582370607453566,0.31254349244411267,0.33857130926967194,0.61688350775133982,0.30697890199114519,0.350039899977874]},{"Values":[-0.0059706564465771767,-0.28539628986483934,-0.13678426504342667,0.18184153338299786,-0.2441004414653847,2.5373347681617124,0.54229327689031759,0.18246155520084387,0.66633176368956071,0.69128591692600672,0.18615653095122264,0.49398226360510211]},{"Values":[0.071329830973971331,1.0070365645492436,0.48820188113732754,0.56475366710845887,0.31830170846592587,0.82906174749866435,0.88943195337868852,0.023252938884893871,0.41793123372734114,0.35689601598162951,0.0891939532427089,0.59053230033746562]}]},