{"SequenceOfLayers":[{"Cells":[{"Forget":{"Values":[0.11010294701452056,0.20730509866344352,-0.01442673011408201,0.081191234061161591,0.10270458867031025,-0.30818151107247393]},"Input":{"Values":[0.072288540851983149,0.036621809680963818,0.085555346007578845,0.08525145969967339,0.097451976860150766,-0.035355195830327847]},"InputConcatenated":{"Values":[0.072288540851983149,0.036621809680963818,0.085555346007578845,0.08525145969967339,0.097451976860150766,-0.035355195830327847,0.0,0.0,0.0,0.0,0.0,0.0]},"Output":{"Values":[0.051456543696734316,0.091356813867768158,-0.0070531078642402812,0.037794032796734815,0.052357968825937046,-0.19552516472189838]},"OutputFromPreviousLayer":{"Values":[0.0,0.0,0.0,0.0,0.0,0.0]},"ForgetFromPreviousLayer":{"Values":[0.0,0.0,0.0,0.0,0.0,0.0]},"ForgetGateResultF":{"Values":[0.54861933979288224,0.5119434114586241,0.52697407322457823,0.54982863929491621,0.54254190628578625,0.55990267564156471]},"InputLayerGateResultI":{"Values":[0.53309604445613124,0.49564991391973978,0.58919963688549981,0.51607124468183985,0.53305620917189822,0.86435254246616178]},"TanhLayerGateResultG":{"Values":[0.20653491647428832,0.41824903594558532,-0.024485300415902297,0.15732563071057434,0.19267121722465561,-0.3565460803680563]},"OutputLayerGateResultO":{"Values":[0.52097562912864426,0.49532151450112044,0.54324346813498769,0.51813579796658582,0.5680477628484627,0.7229274333159138]},"Sigmoid":{"ActivationCoefficient":0.9},"Tanh":{"ActivationCoefficient":0.9}},{"Forget":{"Values":[-0.077934602713397819]},"Input":{"Values":[0.051456543696734316,0.091356813867768158,-0.0070531078642402812,0.037794032796734815,0.052357968825937046,-0.19552516472189838]},"InputConcatenated":{"Values":[0.051456543696734316,0.091356813867768158,-0.0070531078642402812,0.037794032796734815,0.052357968825937046,-0.19552516472189838,0.0]},"Output":{"Values":[-0.035636786477948289]},"OutputFromPreviousLayer":{"Values":[0.0]},"ForgetFromPreviousLayer":{"Values":[0.0]},"ForgetGateResultF":{"Values":[0.51273164972406726]},"InputLayerGateResultI":{"Values":[0.59939117249873763]},"TanhLayerGateResultG":{"Values":[-0.1300229404255398]},"OutputLayerGateResultO":{"Values":[0.508905441099997]},"Sigmoid":{"ActivationCoefficient":0.9},"Tanh":{"ActivationCoefficient":0.9}}],"Input":{"Values":[0.072288540851983149,0.036621809680963818,0.085555346007578845,0.08525145969967339,0.097451976860150766,-0.035355195830327847]},"Output":{"Values":[-0.035636786477948289]}}],"GatesForLayer":{"Gates":[{"ForgetLayer":{"Vectors":[{"Values":[0.70606838618687739,0.071777738664195748,0.88269449811554257,0.21038570730499256,0.769146627639023,0.150138149573532,0.55767472812797625,0.81492784284750364,0.53412656557472726,0.62856622255806172,0.52943902673639309,0.50018767896117067]},{"Values":[0.086274821817071565,0.24676166532876048,0.26274364872963335,0.035270115377041562,0.31630437835878894,0.52303631395242933,0.46210385647700347,0.6147670515881698,0.29858465273798662,0.17005446933678095,0.62204379011972055,0.51700916491309612]},{"Values":[0.48659473447436219,0.89423212357528137,0.1631550775669306,0.27074642771424096,0.42900861214334546,0.75718429114538444,0.6441358782556541,0.26005796075801269,0.73816500172864874,0.50660447986172719,0.35077666973265664,0.2614293691056917]},{"Values":[0.17366738252978184,0.87749996263417418,0.61532738740338355,0.69890507343174191,0.68274592407175616,0.035462782734754859,0.24362818954681428,0.84052552834177652,0.97174043346743122,0.0077683562449032233,0.10967016923691619,0.623522706620173]},{"Values":[0.7793684833587,0.23051390155708135,0.46121500267703786,0.18141392300902584,0.71725701806939068,0.0020134630622404923,0.46127992610506707,0.53601391685009647,0.44973394854447524,0.36568533320244651,0.72379097283063032,0.87491450406374149]},{"Values":[0.9869830720066014,0.28692830041373535,0.38591923070415818,0.77694227442934283,0.98443034430240761,0.26938106597838041,0.76202267723252193,0.57967034195534439,0.89598499559610378,0.0013142796239416486,0.86160273284725974,0.43880441572461482]}]},"InputLayer":{"Vectors":[{"Values":[0.90950083727260655,0.76160363912918616,0.93301776512125667,0.264182904575302,0.92713858786251735,0.775910251698607,0.5452687314456649,0.478826378229459,0.78456195433836518,0.53963237094675764,0.49137794435554089,0.19849471058626414]},{"Values":[0.29223035659417462,0.44921577112848454,0.54020525377913231,0.73367332973253585,0.043789846986744221,0.82258719676473435,0.81169542056121646,0.80798204932733531,0.15370898980354378,0.74041288333964206,0.7119220014251405,0.39581762365802081]},{"Values":[0.64615272935852253,0.43764176090521639,0.87953531938514584,0.72071360655469674,0.26810030503003013,0.46911699375316729,0.72753771102406906,0.77805420373475842,0.3689111687098216,0.022410586952423019,0.27370499645998003,0.95405823502412912]},{"Values":[0.073937742939056667,0.19613531157163241,0.61682679154482867,0.67611301563997439,0.828418641264054,0.23821294754727643,0.090352549725376319,0.44735070105984376,0.79555035605819446,0.18742452011789407,0.48097298596099625,0.52170838905577943]},{"Values":[0.71978641420469813,0.020418233879733988,0.52558695731496163,0.072244560069350941,0.1804076085421478,0.058162610343309835,0.28509542592107107,0.16729604320940378,0.051276781620121,0.53620350385839277,0.61357831797263507,0.45974036467249524]},{"Values":[0.85363539218026274,0.73045577978895138,0.2715260173566903,0.27072819254264069,0.83707563255962725,0.37931914971802333,0.82958354187644257,0.2735587015159236,0.1890169587866482,0.58874270766449288,0.66615920312058141,0.84716649765482477]}]},"TanhLayer":{"Vectors":[{"Values":[0.088044634178847891,0.17715081843683048,0.861259334250613,0.795109494543431,0.54754665087127863,0.40161756118493142,0.60026726759982629,0.46211903191270259,0.98571292915647524,0.33438679498358947,0.97577924419929241,0.21987454044626772]},{"Values":[0.77772826714509158,0.67105967630114172,0.31941138144492964,0.084714679648410451,0.52524741043399681,0.51530735025647556,0.90278145340400817,0.53378883168743407,0.58457973812920028,0.14984727238763462,0.742792609027956,0.97750723780016757]},{"Values":[-0.28635584254539881,0.7546714170144847,0.20524022029037095,-0.26749603265011379,0.048687550208468176,1.2215589922558989,0.33269143026913117,0.13783741562526552,0.35971193544553215,0.68717929054385951,0.87604712689111341,0.046139125268039816]},{"Values":[-0.14735003221008627,0.3819495349243428,0.25965632160991892,0.56425900666227025,0.73598314596680892,0.58174191698828748,0.47402743551602,0.59103628275498576,0.86713011975732168,0.013206158770809955,0.25890808797390574,0.16577919161216317]},{"Values":[0.13946794617817929,0.56248569280790017,0.57023901297165935,0.10805675096805188,0.706774334662178,-0.031480112499946741,0.26258675952562444,0.055327843434795666,0.40068712476672935,0.010058209770386205,0.89686049981827876,0.8142699109456828]},{"Values":[0.34118293161541841,0.051521801835894381,-0.42386612673750146,0.36785273470624463,-0.22744006066215949,3.6297700027343627,0.86016260500073549,0.30847474853902812,0.770268341419412,0.54229621940399342,0.24923524924052659,0.36096413031265334]}]},